1. 	show full databases;

2. 	select * from film
	where length > 120

3. 	select * from film
     	where rating = "PG-13"
     	order by length asc
     	limit 4;	

4.	select film.title, language.name
     from film
     inner join language on film.language_id = language.language_id
     where film.description like "%drama%";	
	106 rows in set (0.006 sec)

5.	select film.title
     from film
     inner join film_category on film.film_id = film_category.film_id
     inner join category on category.category_id = film_category.category_id
     where category.name = "Family" and film.description like "%Documentary%";
	6 rows in set (0.002 sec)
	
6.	select film.title
     from film
     inner join film_category on film_category.film_id = film.film_id
     inner join category on category.category_id = film_category.category_id
     where category.name = "Children" and not film.rating = "PG-13";
	46 rows in set (0.001 sec)

7.	select count(*), rating
     from film
     group by rating;	
	5 rows in set (0.080 sec)

8.	select film.title
     from film
     inner join inventory on inventory.film_id = film.film_id
     inner join rental on inventory.inventory_id = rental.inventory_id
     where rental.rental_date between '2005-05-31' and '2005-06-30'
     group by film.title
     order by film.title desc;
	900 rows in set (0.010 sec)

9.	select actor.first_name, actor.last_name
     from actor
     inner join film_actor on actor.actor_id = film_actor.actor_id
     inner join film on film.film_id = film_actor.film_id
     group by actor.last_name
     order by actor.last_name;	
	121 rows in set (0.009 sec)

10.	select customer.first_name, customer.last_name
     from customer
     inner join payment on customer.customer_id = payment.customer_id
     inner join rental on rental.rental_id = payment.rental_id
     where rental.staff_id != payment.staff_id
     group by customer.customer_id;
	599 rows in set (0.042 sec)

11.	select count(rental_id), customer.first_name, customer.last_name
     from rental
     join customer on customer.customer_id = rental.customer_id
     group by rental.customer_id
     having count(rental_id) >
     (select count(rental_id)
     from rental
     join customer on customer.customer_id = rental.customer_id
     where customer.email = "MARY.SMITH@sakilacustomer.org");
	77 rows in set (0.005 sec)

12.	select fa1.actor_id, fa2.actor_id, count(fa1.film_id)
     from film_actor as fa1
     join film_actor as fa2 on fa1.film_id = fa2.film_id and fa1.actor_id < fa2.actor_id
     group by fa1.actor_id, fa2.actor_id
     having count(fa1.film_id) > 1;
	3483 rows in set (0.018 sec)

13.	
	select distinct actor.last_name
     from actor
     where actor.actor_id not in
     (select film_actor.actor_id from film_actor
     join film on film.film_id = film_actor.film_id
     where film.title like "C%");	
	12 rows in set (0.013 sec)

	88 rows
14.
SELECT last_name FROM actor
WHERE (SELECT COUNT(*) FROM film_actor AS fa
JOIN film_category AS fc ON fc.film_id = fa.film_id
JOIN category AS c ON fc.category_id = c.category_id
WHERE c.name = 'Action' AND actor.actor_id = fa.actor_id)
<
(SELECT COUNT(*) FROM film_actor AS fs
JOIN film_category AS fc ON fc.film_id = fs.film_id
JOIN category AS c ON fc.category_id = c.category_id
   WHERE c.name = 'Horror' AND actor.actor_id = fs.actor_id);
	61 rows in set (0.033 sec)
15.
select c.last_name, avg(p.amount) from customer c join payment p
on c.customer_id = p.customer_id
group by c.last_name
having avg(p.amount) <
(select avg(amount) from payment
where payment_date like '2005-07-30%');
	431 rows in set (0.041 sec)
16.
	update film
     join language on film.language_id = language.language_id
     set film.language_id = (select language_id from language where name ='Italian')
     where film.title = 'YOUNG LANGUAGE';
	Query OK, 1 row affected (0.017 sec)

17.
	INSERT INTO language (name)
     VALUES ('Spanish');
	Query OK, 1 row affected (0.008 sec)

	update film
     set language_id = (select language_id from language where name = 'Spanish' )
     where film_id in
     (select film_id from film_actor where actor_id = (select actor_id from actor where first_name = 'ED CHASE'));
	Query OK, 0 rows affected (0.008 sec)
	Rows matched: 0  Changed: 0  Warnings: 0

18.
	LTER TABLE language
     add films_no int default 0;

	update language
     set films_no = ( select count(*) from film where film.language_id = language.language_id);

19.
	alter table film
     drop column release_year;
	Query OK, 0 rows affected (0.023 sec)
	Records: 0  Duplicates: 0  Warnings: 0